Size,AverageTime
10,0
50,3.5e-05
100,0.011371
200,0.0727503
