Size,AverageTime
10,0
50,0.00406425
100,0.0276582
200,0.180081
