Size,AverageTime
10,0
50,0
100,0.0092995
200,0.0548735
